order_id;placed_at;amount
A-001;05/01/2026;177,93
A-002;05/03/2026;35,85
A-003;09/03/2026;75,53
A-004;09/01/2026;93,13
A-005;05/01/2026;56,01
A-006;01/03/2026;46,73
A-007;01/01/2026;30,09
A-008;05/01/2026;73,93
A-009;01/01/2026;174,09
A-010;01/02/2026;56,97
A-011;05/02/2026;193,61
A-012;05/03/2026;88,33
A-013;05/02/2026;100,17
A-014;01/01/2026;119,05
A-015;05/02/2026;171,53
A-016;09/01/2026;155,85
A-017;09/01/2026;159,69
A-018;05/02/2026;194,25
A-019;09/03/2026;15,37
A-020;09/03/2026;73,61
A-021;05/01/2026;149,13
A-022;05/02/2026;32,65
A-023;01/02/2026;72,97
A-024;01/02/2026;168,97
A-025;09/01/2026;82,57
A-026;01/02/2026;74,25
A-027;01/03/2026;138,89
A-028;05/02/2026;74,89
A-029;09/01/2026;34,89
A-030;01/02/2026;180,17
A-031;13/01/2026;32,01
A-032;13/01/2026;67,21
A-033;13/01/2026;99,85
A-034;13/01/2026;19,21
A-035;13/01/2026;16,97
A-036;13/02/2026;31,37
A-037;13/02/2026;80,97
A-038;13/03/2026;101,13
A-039;13/03/2026;164,81
A-040;13/02/2026;155,21
A-041;13/03/2026;2,57
A-042;13/03/2026;77,13
A-043;21/03/2026;134,41
A-044;13/03/2026;33,61
A-045;13/02/2026;100,49
A-046;21/03/2026;117,77
A-047;13/01/2026;135,37
A-048;13/03/2026;80,97
A-049;13/03/2026;112,01
A-050;13/02/2026;32,33
A-051;13/01/2026;97,61
A-052;13/02/2026;197,77
A-053;13/02/2026;175,37
A-054;13/01/2026;2,57
A-055;13/01/2026;152,01
A-056;13/02/2026;126,41
A-057;13/01/2026;136,33
A-058;13/02/2026;129,29
A-059;13/03/2026;13,45
A-060;13/03/2026;81,61
